,Country,Year,Status,Adult Mortality,infant deaths,Alcohol,percentage expenditure,Hepatitis B,Measles , BMI ,under-five deaths ,Polio,Total expenditure,Diphtheria , HIV/AIDS,GDP,Population, thinness  1-19 years, thinness 5-9 years,Income composition of resources,Schooling
890,Ethiopia,2007,Developing,39.0,186,1.06,30.46451811,47.0,1446,14.5,286,61.0,4.69,5.0,2.8,243.326822,8149.0,11.3,11.0,0.362,7.1
952,Gabon,2009,Developing,31.0,2,8.64,52.31086276,79.0,0,33.0,3,74.0,3.43,76.0,8.0,763.66223,1586754.0,6.7,6.5,0.652,12.4
115,Australia,2012,Developed,61.0,1,10.03,11714.99858,91.0,199,65.0,1,92.0,9.36,92.0,0.1,67677.63477,22728254.0,0.6,0.6,0.93,20.1
1733,Montenegro,2014,Developing,17.0,0,0.01,726.0291764,87.0,0,61.3,0,91.0,6.42,91.0,0.1,7378.345289,62181.0,1.8,1.9,0.803,15.1
1590,Malaysia,2011,Developing,13.0,3,0.51,9.23002632,96.0,1569,36.3,4,96.0,3.89,96.0,0.1,145.1262,28635128.0,8.0,7.8,0.774,13.0
1486,Lesotho,2003,Developing,648.0,5,1.99,5.300902041,17.0,1,26.4,7,9.0,7.13,9.0,33.8,63.636279,191897.0,1.2,1.1,0.44,10.5
1749,Morocco,2014,Developing,96.0,18,0.43,198.7343495,99.0,10,57.5,21,99.0,5.91,99.0,0.1,3154.513484,3431882.0,6.4,6.2,0.64,12.1
778,Dominican Republic,2007,Developing,164.0,6,6.05,74.8217488,81.0,0,5.4,8,86.0,4.34,85.0,1.6,4647.31359,954353.0,3.4,3.4,0.685,12.7
2490,Swaziland,2014,Developing,382.0,2,0.01,574.3895102,98.0,0,31.8,3,98.0,9.25,98.0,7.3,3464.35169,129597.0,4.3,4.3,0.541,11.4
1215,Indonesia,2002,Developing,189.0,177,0.05,43.17867291,63.0,14492,16.7,222,8.0,2.27,7.0,0.1,899.5556857,2175859.0,11.0,11.1,0.608,10.6
417,Burundi,2014,Developing,297.0,22,0.01,41.25159038,95.0,0,18.2,32,95.0,7.54,95.0,0.7,312.7489794,989179.0,7.4,7.3,0.404,10.6
482,Cameroon,2013,Developing,364.0,48,0.01,63.07890158,89.0,760,27.8,73,88.0,4.29,89.0,4.0,1365.34419,21655715.0,5.8,5.8,0.501,10.4
1243,Iraq,2006,Developing,249.0,31,0.03,75.25799773,59.0,474,53.2,38,63.0,3.0,59.0,0.1,2351.812429,27697912.0,5.4,5.1,0.631,10.2
2362,Solomon Islands,2014,Developing,183.0,0,0.01,3.718438799,88.0,0,49.7,0,94.0,5.5,88.0,0.1,29.652622,57554.0,1.1,1.2,0.512,9.6
2497,Swaziland,2007,Developing,51.0,3,5.55,43.3664999,92.0,0,28.5,4,88.0,7.5,87.0,40.7,347.48798,1138434.0,6.5,6.7,0.508,10.5
1081,Guinea,2008,Developing,33.0,30,0.21,19.68510257,57.0,89,19.8,47,59.0,3.21,6.0,2.3,437.4467238,1323142.0,8.6,8.6,0.371,7.9
2123,Romania,2011,Developed,139.0,2,9.1,10.32588862,96.0,4189,57.7,2,89.0,5.53,89.0,0.1,92.277825,2147528.0,2.9,3.1,0.798,15.7
122,Australia,2005,Developed,67.0,1,10.3,579.1331637,95.0,10,61.5,2,92.0,8.45,92.0,0.1,3416.71483,23948.0,0.7,0.6,0.91,20.3
1983,Papua New Guinea,2007,Developing,295.0,11,0.71,85.7175381,61.0,0,42.7,14,72.0,4.4,71.0,1.4,956.668952,6627922.0,1.4,1.3,0.461,8.6
425,Burundi,2006,Developing,361.0,24,4.5,21.24915339,92.0,784,14.5,36,88.0,11.49,92.0,3.8,165.8794176,7675338.0,8.1,8.2,0.29,5.9
1689,Mexico,2009,Developing,13.0,36,5.27,881.7364327,95.0,0,59.4,42,95.0,6.6,95.0,0.1,7748.12331,11555228.0,1.7,1.6,0.738,12.5
2701,Turkmenistan,2011,Developing,217.0,7,2.55,490.4181326,97.0,0,45.0,8,97.0,1.98,97.0,0.1,5649.978486,517461.0,3.2,3.3,0.665,10.6
1496,Liberia,2009,Developing,277.0,10,3.75,5.592170255,64.0,6,24.0,13,84.0,14.39,81.0,2.1,33.667491,3811528.0,7.6,7.4,0.4,9.7
1302,Jamaica,2011,Developing,139.0,1,3.58,33.17529686,92.0,1,51.2,1,93.0,5.21,92.0,0.6,513.549487,2829493.0,1.8,1.7,0.722,12.8
1656,Mauritania,2010,Developing,214.0,8,0.01,8.353074798,64.0,1292,27.4,12,52.0,3.28,64.0,1.2,123.383675,369543.0,8.7,8.5,0.484,7.6
0,Afghanistan,2015,Developing,263.0,62,0.01,71.27962362,65.0,1154,19.1,83,6.0,8.16,65.0,0.1,584.25921,33736494.0,17.2,17.3,0.479,10.1
679,Cyprus,2009,Developed,6.0,0,10.8,230.2524184,96.0,0,57.3,0,99.0,7.4,99.0,0.1,3215.8159,19876.0,0.9,1.0,0.849,14.1
986,Georgia,2007,Developing,12.0,1,8.65,106.164686,94.0,44,49.9,1,88.0,8.17,98.0,0.1,2492.12878,482.0,2.7,2.9,0.722,12.5
1674,Mauritius,2008,Developing,166.0,0,2.49,6.6489825,99.0,12,29.7,0,99.0,4.6,99.0,0.1,83.635,1244121.0,7.4,7.3,0.728,13.6
2031,Philippines,2007,Developing,216.0,62,4.19,137.327474,87.0,530,21.1,80,87.0,3.94,87.0,0.1,1672.685433,8929349.0,1.0,9.7,0.648,11.4
2276,Serbia,2004,Developing,134.0,1,7.42,462.7076756,89.0,11,53.3,1,96.0,8.24,88.0,0.1,3331.228766,7463157.0,2.6,2.6,0.72,13.1
757,Djibouti,2011,Developing,268.0,1,0.39,20.35974738,87.0,49,32.7,2,87.0,8.71,87.0,2.7,143.986898,865937.0,5.6,5.5,0.451,5.9
1066,Guatemala,2007,Developing,192.0,13,2.4,380.9632429,85.0,0,45.2,16,85.0,6.86,85.0,0.4,2489.955836,137286.0,1.3,1.3,0.578,10.1
1465,Lebanon,2008,Developing,98.0,1,1.67,69.13924862,81.0,24,62.5,1,75.0,8.7,81.0,0.1,712.775759,411147.0,4.7,4.7,0.74,13.1
2126,Romania,2008,Developed,159.0,2,11.9,128.0805702,97.0,12,55.6,3,95.0,5.33,96.0,0.1,1136.47356,2537875.0,3.1,3.5,0.78,14.7
1789,Myanmar,2006,Developing,22.0,61,0.28,4.632776304,75.0,760,17.0,83,82.0,1.78,82.0,0.6,296.97284,48846474.0,13.2,13.5,0.474,8.0
833,El Salvador,2000,Developing,218.0,4,2.79,353.6690328,99.0,0,45.3,5,98.0,8.17,99.0,0.4,2238.4116,5867626.0,2.1,2.0,0.607,11.3
2209,Samoa,2006,Developing,153.0,0,3.52,40.22855669,35.0,0,7.3,0,37.0,4.68,39.0,0.1,287.963899,18194.0,0.2,0.2,0.677,12.7
675,Cyprus,2013,Developed,54.0,0,9.04,212.0859259,96.0,0,59.2,0,99.0,7.46,99.0,0.1,2797.96736,1143896.0,0.9,1.0,0.85,13.8
1899,Nigeria,2009,Developing,376.0,527,9.05,14.5676468,63.0,1272,21.6,832,66.0,4.24,63.0,4.9,197.661422,15442181.0,11.7,11.6,0.487,9.3
1976,Papua New Guinea,2014,Developing,278.0,10,0.01,208.2311603,67.0,2299,47.9,13,64.0,4.26,73.0,0.7,2182.716565,7755785.0,1.3,1.3,0.511,10.0
1900,Nigeria,2008,Developing,386.0,536,9.3,105.5910629,41.0,9960,21.0,848,6.0,4.0,53.0,5.0,1383.893354,1534739.0,12.0,11.9,0.481,9.2
454,Cabo Verde,2009,Developing,124.0,0,4.45,339.9777364,98.0,0,26.8,0,99.0,4.24,99.0,0.4,3444.5566,496963.0,7.6,7.6,0.621,12.4
905,Fiji,2008,Developing,26.0,0,1.95,81.04656111,99.0,0,57.3,0,99.0,3.68,99.0,0.1,4177.657789,84334.0,4.0,3.7,0.7,14.3
2716,Uganda,2013,Developing,325.0,71,0.01,90.76144414,78.0,7878,17.6,103,82.0,7.47,78.0,4.0,662.492293,37553726.0,5.7,5.7,0.478,10.0
1029,Greece,2012,Developing,76.0,0,8.2,2528.992935,98.0,3,64.9,0,99.0,9.24,99.0,0.1,22242.68193,114511.0,0.8,0.7,0.858,16.8
346,Botswana,2005,Developing,566.0,2,6.37,629.8425643,92.0,5,32.7,3,96.0,5.62,96.0,20.6,5351.253732,1855852.0,1.0,9.9,0.593,11.9
2366,Solomon Islands,2010,Developing,188.0,0,1.1,29.5207994,9.0,0,46.4,0,94.0,7.47,9.0,0.1,1272.44825,52779.0,1.2,1.2,0.492,9.3
1197,India,2004,Developing,214.0,1600,1.2,27.33800857,6.0,55443,13.0,2100,58.0,4.22,63.0,0.3,621.3183767,1126135777.0,27.2,28.2,0.518,9.2
1962,Panama,2012,Developing,12.0,1,6.95,201.7490628,85.0,0,55.6,1,87.0,7.25,85.0,0.1,1589.82713,3772938.0,1.9,1.9,0.765,12.8
24,Albania,2007,Developing,9.0,1,5.58,32.24655228,98.0,22,51.7,1,99.0,6.1,98.0,0.1,363.13685,29717.0,1.6,1.7,0.703,11.6
1449,Latvia,2008,Developed,199.0,0,11.84,253.4022338,93.0,3,58.1,0,94.0,6.63,94.0,0.1,16348.53121,2177322.0,2.3,2.4,0.819,16.3
2272,Serbia,2008,Developing,132.0,1,9.54,96.33237912,93.0,2,55.8,1,95.0,1.5,95.0,0.1,671.773913,735222.0,2.3,2.4,0.749,13.5
1832,Netherlands,2012,Developed,62.0,1,9.05,1162.656768,2.0,10,6.5,1,97.0,11.1,97.0,0.1,49474.7561,16754962.0,1.0,0.9,0.921,18.1
1611,Maldives,2006,Developing,88.0,0,1.62,659.8499118,98.0,47,18.7,0,98.0,7.37,98.0,0.1,4428.522898,333.0,14.3,14.5,0.622,12.0
550,Chile,2009,Developing,91.0,2,7.67,181.525923,94.0,1,59.9,2,94.0,7.39,94.0,0.1,1243.32824,16829442.0,0.8,0.9,0.816,15.3
1371,Kenya,2006,Developing,388.0,68,1.76,52.60385429,8.0,1847,16.9,104,77.0,4.24,8.0,10.3,697.66385,37525.0,8.5,8.4,0.483,9.7
487,Cameroon,2008,Developing,382.0,56,5.9,68.7073044,84.0,495,24.9,87,82.0,5.18,84.0,6.7,1233.524316,18978.0,6.4,6.5,0.466,8.8
2208,Samoa,2007,Developing,149.0,0,3.85,47.73638191,46.0,0,7.9,0,49.0,5.25,53.0,0.1,322.543121,182286.0,0.2,0.2,0.682,12.9
1761,Morocco,2002,Developing,15.0,25,0.46,66.72933871,92.0,6000,46.5,29,94.0,5.31,94.0,0.1,1413.757176,29512368.0,6.6,6.5,0.54,8.8
2498,Swaziland,2006,Developing,564.0,3,5.53,437.0802438,93.0,0,28.2,4,88.0,6.81,87.0,43.7,2937.36723,112514.0,6.9,7.1,0.502,9.9
1786,Myanmar,2009,Developing,211.0,52,0.28,11.05247903,91.0,329,19.1,69,9.0,2.5,9.0,0.6,741.777116,49869.0,13.1,13.4,0.504,8.5
789,Ecuador,2012,Developing,127.0,7,3.92,41.88087712,88.0,72,52.1,8,85.0,6.48,87.0,0.1,572.14313,15419666.0,1.3,1.2,0.717,13.3
794,Ecuador,2007,Developing,14.0,7,3.63,19.60467787,94.0,0,48.6,9,95.0,5.94,96.0,0.2,359.71886,1425453.0,1.4,1.3,0.696,12.9
1358,Kazakhstan,2003,Developing,282.0,8,6.58,23.43400762,99.0,24,45.3,9,99.0,3.7,99.0,0.1,268.123657,149918.0,2.5,2.6,0.714,13.1
322,Bosnia and Herzegovina,2013,Developing,9.0,0,4.12,75.61062911,91.0,0,54.7,0,87.0,9.46,89.0,0.1,535.86555,364999.0,2.4,2.4,0.735,14.2
83,Argentina,2012,Developing,12.0,9,8.35,1133.558003,91.0,2,61.0,10,99.0,5.2,91.0,0.1,12969.7712,4296739.0,1.0,0.9,0.822,17.2
485,Cameroon,2010,Developing,37.0,53,6.15,100.8987451,84.0,240,26.0,82,83.0,5.28,84.0,5.5,1182.869227,1997495.0,6.1,6.2,0.48,9.7
261,Belize,2010,Developing,186.0,0,6.76,569.9527122,96.0,0,47.0,0,96.0,5.85,96.0,0.2,4344.15177,32168.0,3.5,3.4,0.7,12.4
627,Costa Rica,2013,Developing,96.0,1,3.42,386.1379123,94.0,0,58.5,1,95.0,9.47,95.0,0.1,1569.66631,47641.0,1.7,1.7,0.762,13.7
265,Belize,2006,Developing,184.0,0,6.48,387.3324928,98.0,0,44.4,0,98.0,4.4,98.0,0.6,4187.3783,29747.0,3.6,3.5,0.692,12.3
933,France,2012,Developing,83.0,3,11.5,751.3793553,78.0,0,61.1,3,99.0,11.44,99.0,0.1,4838.2444,6565979.0,0.6,0.6,0.885,16.1
1149,Honduras,2004,Developing,165.0,5,3.02,188.2499208,93.0,0,42.0,7,94.0,7.89,94.0,1.2,1217.657961,724153.0,2.6,2.5,0.571,10.4
1059,Guatemala,2014,Developing,187.0,10,1.88,657.5282797,73.0,0,49.9,13,65.0,6.2,73.0,0.4,3687.763767,15923559.0,1.2,1.2,0.614,10.7
2015,Peru,2007,Developing,133.0,11,4.29,516.4037021,93.0,0,5.2,15,93.0,4.6,93.0,0.3,3611.2147,28292724.0,1.2,1.2,0.696,13.2
113,Australia,2014,Developed,6.0,1,9.71,10769.36305,91.0,340,66.1,1,92.0,9.42,92.0,0.1,62214.6912,2346694.0,0.6,0.6,0.936,20.4
2157,Rwanda,2009,Developing,288.0,17,7.11,9.165614959,97.0,5,17.7,25,93.0,7.2,97.0,2.8,539.1538211,9977446.0,6.6,6.4,0.447,10.2
2145,Russian Federation,2005,Developing,327.0,18,11.57,625.5081805,97.0,454,55.3,20,98.0,5.21,98.0,0.3,5323.473877,143518523.0,2.4,2.7,0.748,13.7
2426,Spain,2014,Developed,58.0,1,0.01,42.98847625,96.0,154,66.0,1,97.0,9.3,97.0,0.1,296.47225,4648882.0,0.6,0.5,0.877,17.6
1870,Nicaragua,2006,Developing,17.0,3,3.69,21.41123529,88.0,0,47.1,4,88.0,6.33,88.0,0.3,124.992617,545211.0,2.0,1.9,0.597,11.0
1021,Ghana,2004,Developing,34.0,41,1.46,53.23775977,8.0,60,21.8,62,81.0,3.96,8.0,3.2,423.1936389,2986536.0,8.4,8.3,0.491,7.7
1787,Myanmar,2008,Developing,296.0,59,0.3,9.53048032,85.0,333,18.3,96,85.0,1.87,85.0,0.6,643.951373,49479752.0,13.2,13.4,0.493,8.2
2153,Rwanda,2013,Developing,233.0,12,0.01,11.71090655,98.0,17,2.1,17,98.0,7.69,98.0,0.5,688.8768557,1165151.0,5.9,5.9,0.485,10.8
1750,Morocco,2013,Developing,97.0,18,0.45,179.8598949,99.0,92,56.5,21,99.0,5.94,99.0,0.1,3111.762887,33824769.0,6.4,6.2,0.634,12.1
2822,Uruguay,2003,Developing,121.0,1,5.11,160.8400141,91.0,0,57.0,1,91.0,6.52,91.0,0.1,3622.52284,3325637.0,1.7,1.6,0.747,15.0
2398,South Africa,2010,Developing,428.0,43,7.28,1038.885632,71.0,12499,47.2,62,72.0,8.5,72.0,11.0,7362.76139,5979432.36,7.3,8.9,0.63,12.8
1984,Papua New Guinea,2006,Developing,299.0,11,0.64,126.6142137,71.0,1,41.9,14,67.0,5.92,72.0,1.5,854.346921,647272.0,1.4,1.4,0.454,8.2
1673,Mauritius,2009,Developing,166.0,0,2.83,624.2361828,99.0,15,3.2,0,99.0,4.97,99.0,0.1,7318.12641,1247429.0,7.3,7.3,0.734,13.8
1729,Mongolia,2002,Developing,263.0,2,2.43,55.60878216,98.0,1205,39.8,2,98.0,5.81,98.0,0.1,571.51883,2443659.0,2.4,2.5,0.599,10.1
133,Austria,2010,Developed,75.0,0,12.1,7423.228774,86.0,52,55.2,0,86.0,11.17,86.0,0.1,46657.629,836344.0,1.7,1.9,0.872,15.4
2154,Rwanda,2012,Developing,239.0,13,0.01,9.774676411,98.0,75,19.5,18,98.0,7.68,98.0,0.7,678.796973,1788853.0,6.1,6.1,0.475,10.5
204,Bangladesh,2003,Developing,161.0,196,0.01,35.48458957,5.0,4067,11.6,264,9.0,2.51,87.0,0.1,432.7388972,139191.0,2.3,2.9,0.484,7.9
1655,Mauritania,2011,Developing,212.0,8,0.01,79.27658464,75.0,234,28.1,12,73.0,2.87,75.0,1.2,1393.261593,3717672.0,8.5,8.3,0.487,7.7
2695,Turkey,2001,Developing,14.0,41,1.49,256.4341746,77.0,30509,54.3,50,88.0,5.16,88.0,0.1,3119.63716,64191474.0,5.2,5.1,0.653,11.1
1564,Madagascar,2005,Developing,265.0,37,0.72,33.74786198,81.0,0,15.8,56,8.0,5.3,85.0,0.6,274.819723,18336724.0,8.1,8.0,0.473,8.9
1604,Maldives,2013,Developing,64.0,0,0.01,1626.591186,99.0,0,25.1,0,99.0,11.16,99.0,0.1,7112.33575,393.0,13.7,13.8,0.683,12.4
124,Australia,2003,Developed,71.0,1,9.97,3829.550928,95.0,91,6.3,1,92.0,8.32,93.0,0.1,23465.38559,198954.0,0.7,0.7,0.905,20.6
2819,Uruguay,2006,Developing,117.0,1,6.58,1712.225506,95.0,0,58.9,1,95.0,11.17,95.0,0.1,5877.87678,333143.0,1.6,1.6,0.756,15.2
404,Burkina Faso,2011,Developing,275.0,42,4.51,85.55592906,91.0,860,17.1,71,9.0,5.17,91.0,0.9,666.842783,168194.0,8.8,8.4,0.377,6.7
1628,Mali,2005,Developing,29.0,57,0.55,60.21211141,83.0,33,18.0,101,78.0,6.34,77.0,1.9,487.942556,12798763.0,9.9,9.7,0.338,5.8
292,Bhutan,2011,Developing,225.0,0,0.23,289.8524057,95.0,10,21.1,1,95.0,4.73,95.0,0.5,2458.45976,7451.0,16.3,17.0,0.572,11.9
1479,Lesotho,2010,Developing,527.0,4,2.71,154.8705998,93.0,2488,29.7,6,92.0,1.87,93.0,13.4,1173.26212,24551.0,7.2,7.0,0.464,10.9
1990,Papua New Guinea,2000,Developing,335.0,11,0.73,62.56273841,57.0,7135,37.5,14,51.0,3.98,59.0,1.1,631.9468526,5572222.0,1.6,1.5,0.418,6.2
2812,Uruguay,2013,Developing,117.0,0,5.82,482.8039445,94.0,0,62.9,0,94.0,8.68,94.0,0.1,16881.2568,3485.0,1.5,1.4,0.788,15.5
1763,Morocco,2000,Developing,16.0,27,0.45,63.42140024,43.0,7368,44.8,32,95.0,4.18,95.0,0.1,1332.382358,28849621.0,6.7,6.6,0.519,8.0
2068,Portugal,2002,Developed,17.0,1,12.0,1904.00231,82.0,8,51.7,1,96.0,9.15,98.0,0.1,12882.28897,1419631.0,0.8,0.6,0.788,15.9
2623,Togo,2009,Developing,336.0,14,1.24,77.09551224,78.0,425,2.9,22,78.0,6.64,78.0,4.3,499.6468713,633472.0,7.5,7.4,0.442,10.6
2396,South Africa,2012,Developing,48.0,43,7.38,1089.954838,68.0,32,48.7,56,65.0,8.79,65.0,7.6,7548.163698,5256515.8,6.0,7.3,0.644,12.8
1661,Mauritania,2005,Developing,223.0,8,0.01,55.12187071,42.0,127,24.2,12,71.0,4.21,71.0,1.3,697.7451989,31372.0,9.8,9.6,0.461,7.2
1,Afghanistan,2014,Developing,271.0,64,0.01,73.52358168,62.0,492,18.6,86,58.0,8.18,62.0,0.1,612.696514,327582.0,17.5,17.5,0.476,10.0
876,Estonia,2005,Developing,189.0,0,15.52,153.5045263,95.0,2,55.5,0,96.0,5.2,96.0,0.1,1338.31322,1354775.0,2.1,2.2,0.812,15.9
466,Cambodia,2013,Developing,183.0,11,0.01,8.758214538,83.0,0,18.2,13,66.0,5.93,83.0,0.2,128.419568,1522692.0,11.0,11.1,0.546,10.8
1579,Malawi,2006,Developing,587.0,38,1.18,6.847033785,99.0,1,16.2,61,99.0,8.99,99.0,21.1,297.6971211,13429262.0,7.3,7.1,0.377,9.6
1543,Luxembourg,2010,Developed,73.0,0,11.36,2267.252192,94.0,0,59.2,0,96.0,7.68,99.0,0.1,14965.361,56953.0,0.9,0.9,0.884,13.7
396,Bulgaria,2003,Developed,155.0,1,11.19,32.38616103,96.0,0,58.6,1,96.0,7.43,96.0,0.1,271.46824,7775327.0,2.3,2.4,0.729,12.9
761,Djibouti,2007,Developing,296.0,1,0.45,20.86878709,25.0,24,3.9,2,88.0,7.72,88.0,3.5,147.586896,8942.0,5.8,5.7,0.416,4.5
1574,Malawi,2011,Developing,441.0,32,1.23,13.77617463,97.0,26,18.0,50,97.0,11.67,97.0,11.2,512.125451,15627618.0,6.7,6.6,0.444,10.6
2290,Seychelles,2006,Developing,185.0,0,8.12,102.373909,99.0,10,3.7,0,99.0,3.73,99.0,0.1,1214.39987,846.0,5.9,6.3,0.728,13.1
25,Albania,2006,Developing,99.0,1,5.31,3.3021542,98.0,68,5.8,1,97.0,5.86,97.0,0.1,35.1293,2992547.0,1.7,1.8,0.696,11.4
37,Algeria,2010,Developing,119.0,21,0.45,430.7175861,95.0,103,53.9,24,95.0,5.12,95.0,0.1,4463.394675,36117637.0,5.9,5.8,0.714,13.6
1453,Latvia,2004,Developed,26.0,0,8.81,80.0328375,98.0,0,56.6,0,99.0,6.51,99.0,0.1,6351.8125,2263122.0,2.5,2.6,0.776,15.5
2267,Serbia,2013,Developing,122.0,1,9.16,880.6403367,91.0,1,58.9,1,97.0,1.12,95.0,0.1,6353.826383,7164132.0,2.1,2.1,0.766,14.1
2666,Tunisia,2014,Developing,12.0,3,1.39,604.8701316,98.0,15,6.2,3,98.0,7.0,98.0,0.1,4271.68172,1114398.0,6.5,6.4,0.722,14.7
246,Belgium,2009,Developed,85.0,0,10.05,671.9376566,97.0,33,61.6,1,98.0,1.39,98.0,0.1,4488.5615,1796493.0,0.9,0.9,0.876,15.8
267,Belize,2004,Developing,197.0,0,6.2,325.6807462,97.0,0,43.2,0,97.0,4.39,97.0,0.8,3831.53819,27689.0,3.6,3.5,0.691,12.5
1567,Madagascar,2002,Developing,271.0,41,0.9,47.5262138,51.0,10795,14.7,63,61.0,5.29,62.0,0.7,262.2859481,16765117.0,8.5,8.4,0.462,8.3
1023,Ghana,2002,Developing,31.0,42,1.6,3.336437969,8.0,12289,2.7,63,8.0,3.7,78.0,3.5,39.484473,19924522.0,8.8,8.8,0.484,7.6
507,Canada,2004,Developing,77.0,2,7.8,5513.329924,14.0,7,6.6,2,91.0,9.56,91.0,0.1,31979.87195,31995.0,0.5,0.4,0.881,15.8
1528,Lithuania,2009,Developed,192.0,0,12.4,1446.529217,95.0,0,59.7,0,98.0,7.53,98.0,0.1,11837.3913,3162916.0,2.8,2.9,0.825,16.6
1123,Haiti,2014,Developing,245.0,14,0.01,5.103249438,48.0,0,48.8,19,55.0,7.56,48.0,0.5,83.1148117,1572466.0,3.9,3.9,0.487,9.1
2293,Seychelles,2003,Developing,185.0,0,7.41,843.1186662,99.0,0,28.7,0,99.0,4.64,99.0,0.1,8524.961236,82781.0,6.1,6.5,0.713,12.1
2289,Seychelles,2007,Developing,185.0,0,8.12,916.4741775,99.0,1,31.2,0,99.0,3.3,99.0,0.1,12154.82994,8533.0,5.9,6.3,0.733,13.1
2719,Uganda,2010,Developing,362.0,79,10.03,116.202964,8.0,1313,16.3,119,79.0,11.2,8.0,8.0,594.9972557,33915133.0,6.0,6.0,0.473,10.9
1880,Niger,2012,Developing,232.0,49,0.01,29.75517982,71.0,272,18.1,90,71.0,6.11,71.0,0.7,391.515524,17731634.0,1.3,1.1,0.331,5.1
1820,Nepal,2008,Developing,189.0,27,0.21,70.27113179,82.0,2089,15.4,35,82.0,6.44,82.0,0.2,473.844449,26475859.0,17.0,17.6,0.492,10.1
2408,South Africa,2000,Developing,397.0,51,7.3,45.96380839,73.0,1459,4.1,73,71.0,8.7,73.0,21.3,337.2253,44896856.0,16.3,19.1,0.635,13.0
2202,Samoa,2013,Developing,131.0,0,0.01,698.3522786,6.0,0,73.8,0,62.0,6.91,67.0,0.1,4219.65123,19757.0,0.2,0.1,0.7,12.9
568,China,2007,Developing,96.0,285,3.88,312.6624819,92.0,109023,25.7,332,94.0,4.32,93.0,0.1,2695.366223,1317885.0,4.7,4.1,0.659,11.4
119,Australia,2008,Developed,66.0,1,10.76,8547.292357,94.0,65,62.9,1,92.0,8.78,92.0,0.1,49664.6854,212492.0,0.7,0.6,0.921,19.1
1563,Madagascar,2006,Developing,263.0,36,0.68,38.41870375,82.0,2,16.3,54,83.0,5.11,85.0,0.6,292.157443,1888268.0,8.0,7.9,0.478,9.0
595,Comoros,2012,Developing,237.0,2,0.01,78.39008571,89.0,1,22.6,2,85.0,7.11,86.0,0.8,788.632653,723868.0,6.9,6.7,0.484,10.8
575,China,2000,Developing,115.0,490,3.06,17.46057369,6.0,71093,2.5,608,86.0,4.6,85.0,0.1,959.372181,1262645.0,5.9,5.1,0.583,9.5
2640,Tonga,2008,Developing,145.0,0,1.1,569.6255035,84.0,0,71.5,0,88.0,5.13,86.0,0.1,3392.64743,135.0,0.1,0.1,0.698,14.5
1193,India,2008,Developing,23.0,1300,1.93,43.03043312,29.0,44258,14.9,1800,69.0,4.34,7.0,0.3,991.484634,119714696.0,27.0,27.9,0.556,10.2
1369,Kenya,2008,Developing,339.0,64,1.71,60.5153506,88.0,1282,17.9,95,88.0,3.9,88.0,6.4,916.8992515,39148416.0,8.3,8.2,0.506,10.4
790,Ecuador,2011,Developing,131.0,7,3.99,344.7412164,88.0,257,51.4,8,85.0,5.92,88.0,0.1,5223.351763,15177355.0,1.3,1.2,0.71,13.2
1985,Papua New Guinea,2005,Developing,37.0,11,0.84,12.05551997,63.0,1222,41.1,15,61.0,6.42,72.0,1.5,77.5773486,631479.0,1.4,1.4,0.446,7.9
2604,Timor-Leste,2012,Developing,159.0,2,0.01,30.17998548,83.0,16,16.2,2,83.0,1.1,83.0,0.1,1117.77724,115676.0,11.2,11.3,0.618,12.5
2028,Philippines,2010,Developing,218.0,58,4.85,198.2563794,77.0,6368,22.6,74,78.0,4.37,79.0,0.1,2129.499242,93726624.0,1.0,9.7,0.662,11.4
275,Benin,2012,Developing,251.0,25,0.01,9.80407467,8.0,288,24.1,39,8.0,4.86,8.0,1.3,837.9551,972916.0,7.4,7.3,0.458,10.0
1033,Greece,2008,Developing,77.0,0,9.51,3682.88717,95.0,1,62.4,0,99.0,9.76,99.0,0.1,31997.2821,1177841.0,0.8,0.7,0.853,15.9
2710,Turkmenistan,2002,Developing,229.0,7,2.33,130.3784829,96.0,11,38.7,8,99.0,3.34,98.0,0.1,967.917468,4612.0,3.5,3.5,0.0,10.2
243,Belgium,2012,Developed,78.0,0,10.08,664.4738975,98.0,109,62.6,1,99.0,1.54,99.0,0.1,4474.5717,11128246.0,0.9,0.9,0.886,16.2
1532,Lithuania,2005,Developed,222.0,0,12.3,913.699529,95.0,1,58.4,0,93.0,5.83,94.0,0.1,7863.1629,3322528.0,3.0,3.1,0.798,16.2
631,Costa Rica,2009,Developing,96.0,1,4.07,24.88720369,87.0,0,54.4,1,8.0,9.69,86.0,0.1,689.396224,4488263.0,1.9,1.8,0.747,13.1
990,Georgia,2003,Developing,132.0,1,3.36,70.54185252,48.0,216,47.5,2,74.0,8.49,75.0,0.1,928.18227,431.0,2.9,3.0,0.684,11.8
2723,Uganda,2006,Developing,41.0,93,9.81,50.83901418,64.0,5736,14.8,145,62.0,9.86,64.0,8.6,336.4593923,2955662.0,6.4,6.4,0.434,10.6
574,China,2001,Developing,11.0,457,2.84,14.23064496,65.0,88962,21.2,558,86.0,4.56,86.0,0.1,153.1824,127185.0,5.7,5.0,0.592,9.6
1296,Italy,2001,Developed,75.0,2,9.69,3.1222302,95.0,0,55.7,3,96.0,8.11,93.0,0.1,24.819,569741.0,0.5,0.5,0.828,14.9
1116,Guyana,2005,Developing,238.0,1,7.35,17.46405901,93.0,0,39.0,1,93.0,5.83,93.0,1.8,198.455216,75946.0,5.7,5.5,0.619,11.4
2708,Turkmenistan,2004,Developing,238.0,6,2.86,186.1013972,96.0,1,4.0,8,98.0,4.3,97.0,0.1,1453.917166,473398.0,3.4,3.4,0.0,10.3
138,Austria,2005,Developed,85.0,0,12.4,5992.588029,86.0,9,52.7,0,86.0,1.53,86.0,0.1,38242.4252,8227829.0,1.7,1.9,0.848,14.9
357,Brazil,2010,Developing,154.0,54,7.52,1111.191325,96.0,68,52.0,61,99.0,8.27,99.0,0.1,11224.1548,196796269.0,2.9,2.9,0.716,13.8
796,Ecuador,2005,Developing,151.0,8,3.54,18.09317114,92.0,0,47.2,9,89.0,5.87,92.0,0.3,321.942547,13735233.0,1.4,1.3,0.688,12.8
2051,Poland,2003,Developed,142.0,3,9.06,542.0235,97.0,48,54.5,3,98.0,6.22,99.0,0.1,5693.52416,382457.0,2.4,2.6,0.796,15.3
2452,Sri Lanka,2004,Developing,197.0,6,1.56,15.35342268,62.0,35,16.1,10,97.0,4.28,97.0,0.1,174.6692,19228.0,15.4,15.5,0.705,12.8
1551,Luxembourg,2002,Developed,95.0,0,12.91,910.5062778,95.0,0,55.2,0,99.0,8.27,99.0,0.1,5293.64115,446175.0,1.0,0.9,0.86,13.5
2548,Syrian Arab Republic,2004,Developing,131.0,9,0.93,10.21129783,82.0,189,46.8,10,84.0,4.48,81.0,0.1,148.852738,1786638.0,6.5,6.3,0.61,10.6
1876,Nicaragua,2000,Developing,192.0,4,3.61,15.25518816,83.0,0,42.8,5,85.0,5.39,83.0,0.4,116.2743,526796.0,2.2,2.1,0.562,10.1
1530,Lithuania,2007,Developed,24.0,0,13.4,1581.511914,96.0,0,59.0,0,95.0,6.22,95.0,0.1,12297.91535,3231294.0,2.9,3.0,0.812,16.4
1473,Lebanon,2000,Developing,112.0,1,2.26,404.3879434,83.0,5,57.9,1,83.0,1.86,83.0,0.1,5334.93329,3235366.0,4.9,4.8,0.0,14.9
2228,Sao Tome and Principe,2004,Developing,224.0,0,5.78,9.013493879,7.0,0,22.8,0,99.0,9.94,96.0,1.6,693.345683,151969.0,7.2,7.2,0.509,9.8
2000,Paraguay,2006,Developing,161.0,3,5.61,26.18072382,92.0,0,43.5,4,98.0,6.43,98.0,0.2,189.71539,5882796.0,2.2,2.2,0.648,12.1
1110,Guyana,2011,Developing,229.0,0,7.56,536.2332523,93.0,0,43.2,1,93.0,6.8,93.0,0.4,3439.597513,7491.0,5.6,5.3,0.624,10.3
348,Botswana,2003,Developing,693.0,2,5.51,299.3671252,9.0,59,31.6,4,96.0,4.65,96.0,31.9,4163.6596,184339.0,1.9,1.8,0.567,11.8
230,Belarus,2009,Developing,226.0,0,14.09,434.7985025,98.0,0,58.7,1,98.0,6.9,96.0,0.1,5176.172649,956765.0,2.1,2.2,0.771,15.4
1588,Malaysia,2013,Developing,128.0,3,0.53,110.6779711,96.0,195,38.5,4,97.0,4.2,97.0,0.1,1882.27842,2976724.0,7.8,7.6,0.779,12.9
81,Argentina,2014,Developing,118.0,8,7.93,847.3717463,94.0,1,62.2,9,92.0,4.79,94.0,0.1,12245.25645,42981515.0,1.0,0.9,0.825,17.3
2606,Timor-Leste,2010,Developing,163.0,2,0.1,38.58376645,72.0,50,15.5,3,72.0,0.92,72.0,0.1,849.8626972,119591.0,11.5,11.5,0.599,12.4
1020,Ghana,2005,Developing,296.0,41,1.5,78.71123825,84.0,435,22.4,62,85.0,4.51,84.0,3.1,498.172394,215429.0,8.1,8.1,0.499,8.1
2696,Turkey,2000,Developing,143.0,44,1.54,421.2956602,71.0,16244,53.5,54,85.0,4.95,85.0,0.1,4316.553895,6324121.0,5.3,5.2,0.641,10.7
1697,Mexico,2001,Developing,126.0,52,4.86,13.31109532,97.0,3,53.2,62,97.0,5.35,97.0,0.1,731.378864,136768.0,1.9,1.9,0.7,11.6
564,China,2011,Developing,91.0,215,5.63,91.26749779,99.0,9943,29.0,251,99.0,5.3,99.0,0.1,5633.79616,134413.0,4.1,3.5,0.7,12.8
2671,Tunisia,2009,Developing,12.0,3,1.4,585.6307861,99.0,1,55.6,3,99.0,6.18,99.0,0.1,4129.977335,1521834.0,6.3,6.3,0.706,14.4
2483,Suriname,2005,Developing,25.0,0,4.47,418.9206608,83.0,0,51.1,0,84.0,6.78,83.0,0.6,3595.8855,498946.0,3.5,3.4,0.672,11.3
2558,Tajikistan,2010,Developing,171.0,10,0.32,43.34099958,93.0,0,36.6,12,95.0,6.4,93.0,0.2,738.3475227,764163.0,3.7,3.8,0.603,11.1
798,Ecuador,2003,Developing,151.0,8,3.69,18.26183281,82.0,0,45.8,10,97.0,6.46,87.0,0.3,244.46898,1328961.0,1.5,1.4,0.679,12.6
2837,Uzbekistan,2004,Developing,183.0,24,1.59,34.41887163,99.0,75,37.0,29,99.0,5.11,99.0,0.3,465.1198869,2586435.0,3.2,3.2,0.613,11.6
473,Cambodia,2006,Developing,216.0,17,2.03,51.50447119,8.0,188,14.3,21,8.0,4.48,8.0,1.1,539.8791529,13474489.0,11.4,11.6,0.483,10.1
2042,Poland,2012,Developed,125.0,2,10.81,230.040097,97.0,71,59.7,2,95.0,6.62,99.0,0.1,13145.1484,3863164.0,2.0,2.1,0.834,15.3
567,China,2008,Developing,97.0,266,4.27,39.22509728,95.0,131441,26.5,308,99.0,4.59,97.0,0.1,3471.247547,1324655.0,4.5,4.0,0.672,11.9
1895,Nigeria,2013,Developing,367.0,498,8.3,194.2032879,46.0,52852,24.1,773,46.0,3.7,46.0,3.9,2996.96432,17182933.0,1.4,1.2,0.514,9.8
603,Comoros,2004,Developing,269.0,2,0.27,7.212110766,77.0,0,18.8,2,73.0,3.96,76.0,0.1,616.4197236,597228.0,7.5,7.5,0.0,9.5
2048,Poland,2006,Developed,144.0,2,10.4,9.1455559,98.0,120,56.0,3,99.0,6.17,99.0,0.1,94.7726,38141267.0,2.3,2.4,0.803,15.0
1022,Ghana,2003,Developing,38.0,41,1.53,31.09435342,8.0,1939,21.2,63,8.0,3.12,8.0,3.4,373.2815537,2446782.0,8.6,8.5,0.489,7.9
2205,Samoa,2010,Developing,144.0,0,3.01,434.7940679,57.0,8,72.5,0,57.0,5.7,62.0,0.1,3453.487434,18625.0,0.2,0.2,0.69,12.9
2847,Vanuatu,2010,Developing,145.0,0,0.91,471.8626525,62.0,0,49.1,0,66.0,4.71,65.0,0.1,2965.82434,236295.0,1.5,1.4,0.59,10.8
1065,Guatemala,2008,Developing,19.0,13,2.21,472.2234994,95.0,0,45.9,15,96.0,6.65,95.0,0.4,2794.22189,146366.0,1.3,1.3,0.589,10.4
1153,Honduras,2000,Developing,174.0,6,2.61,28.80831098,93.0,0,38.8,8,88.0,6.63,94.0,1.7,188.783165,6524283.0,2.8,2.7,0.551,9.8
635,Costa Rica,2005,Developing,97.0,1,4.1,1002.833273,9.0,1,5.3,1,91.0,7.74,91.0,0.1,4697.11135,4247841.0,2.0,2.0,0.723,12.4
2735,Ukraine,2010,Developing,212.0,5,8.39,375.6835376,48.0,39,58.5,6,57.0,7.81,52.0,0.2,2965.142365,45877.0,2.4,2.5,0.728,14.9
2733,Ukraine,2012,Developing,25.0,5,8.44,453.7830847,46.0,12746,59.6,5,72.0,7.47,76.0,0.2,3855.42128,455933.0,2.4,2.4,0.739,15.1
2225,Sao Tome and Principe,2007,Developing,217.0,0,4.14,49.93698173,87.0,0,24.7,0,98.0,7.44,97.0,1.2,894.927988,16311.0,6.7,6.6,0.527,10.3
2435,Spain,2005,Developed,77.0,2,11.92,405.4475981,96.0,22,6.5,2,96.0,8.12,96.0,0.1,2651.71745,43653155.0,0.6,0.5,0.837,15.8
2069,Portugal,2001,Developed,11.0,1,12.22,1657.328352,7.0,0,5.9,1,96.0,9.1,97.0,0.1,11729.14616,1362722.0,0.8,0.6,0.782,15.7
2726,Uganda,2003,Developing,53.0,109,10.16,4.426792406,44.0,29429,13.9,173,57.0,7.54,59.0,9.4,237.9995917,2662482.0,6.7,6.7,0.418,11.5
2549,Syrian Arab Republic,2003,Developing,134.0,9,1.29,94.75639211,81.0,801,46.0,11,85.0,5.12,83.0,0.1,1253.39143,17415266.0,6.6,6.4,0.599,10.3
86,Argentina,2009,Developing,126.0,10,8.33,1398.042623,94.0,3,59.2,11,97.0,7.63,94.0,0.1,8161.36966,479947.0,1.0,0.9,0.794,16.5
2269,Serbia,2011,Developing,127.0,1,9.56,915.3190791,94.0,370,57.7,1,94.0,9.72,94.0,0.1,6423.291783,723499.0,2.2,2.2,0.757,13.5
1658,Mauritania,2008,Developing,217.0,8,0.02,61.76263795,74.0,4,26.1,12,73.0,3.23,74.0,1.3,1167.535689,347541.0,9.2,8.9,0.475,7.2
1638,Malta,2011,Developed,59.0,0,6.91,3601.287457,82.0,3,68.0,0,96.0,9.6,96.0,0.1,22821.847,416268.0,0.8,0.7,0.826,14.8
1555,Madagascar,2014,Developing,225.0,29,0.01,5.339065673,73.0,3,2.0,39,73.0,3.4,73.0,0.3,452.4631926,2358981.0,7.2,7.1,0.509,10.3
2742,Ukraine,2003,Developing,256.0,6,5.92,21.22386354,77.0,411,55.7,6,99.0,6.93,97.0,0.9,148.522488,4781295.0,2.8,2.9,0.691,14.3
598,Comoros,2009,Developing,251.0,2,0.17,56.98952474,83.0,1,21.1,2,84.0,3.82,83.0,0.1,778.5454199,673252.0,7.2,7.0,0.465,10.3
2816,Uruguay,2009,Developing,118.0,0,6.67,1871.736563,95.0,0,6.7,1,95.0,8.78,95.0,0.1,9415.17386,3362755.0,1.5,1.5,0.774,15.5
535,Chad,2008,Developing,394.0,46,0.45,49.09198224,17.0,63,16.4,80,3.0,2.92,19.0,4.7,929.772391,11133861.0,9.8,9.7,0.338,6.0
1190,India,2011,Developing,193.0,1100,3.0,64.6059005,44.0,33634,16.4,1500,79.0,4.33,82.0,0.2,1461.671957,124723629.0,26.9,27.7,0.58,10.8
2427,Spain,2013,Developed,6.0,1,9.25,423.680459,95.0,131,65.4,2,96.0,9.1,96.0,0.1,2921.9342,466245.0,0.6,0.5,0.874,17.5
1778,Mozambique,2001,Developing,48.0,90,2.09,37.82511936,25.0,7085,16.9,132,72.0,5.64,73.0,13.4,256.4414872,18588758.0,4.1,4.0,0.298,5.8
581,Colombia,2010,Developing,15.0,12,4.28,113.2436346,88.0,0,54.2,15,88.0,6.76,88.0,0.1,625.65544,4591897.0,2.2,2.0,0.695,12.8
2678,Tunisia,2002,Developing,19.0,4,1.17,262.8184944,93.0,98,49.7,5,96.0,5.32,96.0,0.1,2346.5937,9864326.0,6.5,6.4,0.662,13.3
2641,Tonga,2007,Developing,146.0,0,2.05,568.8692813,87.0,0,7.8,0,88.0,5.82,87.0,0.1,2932.315883,12357.0,0.1,0.1,0.698,14.5
2660,Trinidad and Tobago,2004,Developing,19.0,0,5.82,11.85100131,94.0,0,36.8,0,94.0,5.22,94.0,1.0,129.51914,129535.0,6.3,6.8,0.736,12.2
1146,Honduras,2007,Developing,16.0,5,3.16,222.4823338,93.0,0,44.3,6,94.0,7.89,94.0,0.7,1592.572182,777972.0,2.4,2.3,0.59,10.9
1281,Israel,2000,Developing,76.0,1,2.53,199.9341033,98.0,36,58.3,1,93.0,7.13,93.0,0.1,2152.1432,6289.0,1.1,1.1,0.845,15.2
2693,Turkey,2003,Developing,135.0,35,1.42,459.1113061,68.0,5844,55.9,43,69.0,5.34,68.0,0.1,4718.51291,668583.0,5.1,5.0,0.668,11.9
1773,Mozambique,2006,Developing,434.0,78,1.2,58.59644487,75.0,183,18.9,113,73.0,6.51,78.0,16.3,385.7567141,21547463.0,3.8,3.7,0.353,7.9
1332,Jordan,2013,Developing,114.0,4,0.4,546.6235156,98.0,120,64.0,4,98.0,7.23,98.0,0.1,3992.86717,8413464.0,3.9,3.9,0.737,13.1
678,Cyprus,2010,Developed,59.0,0,11.32,283.3300258,96.0,18,57.8,0,99.0,7.23,99.0,0.1,3818.46396,111267.0,0.9,1.0,0.853,14.6
1578,Malawi,2007,Developing,559.0,37,1.18,4.269511381,87.0,143,16.6,59,88.0,9.31,87.0,19.3,32.2227274,1384969.0,7.1,7.0,0.387,9.7
862,Eritrea,2003,Developing,343.0,7,0.56,6.913998013,91.0,376,13.3,10,95.0,3.5,93.0,1.9,232.7945459,3738265.0,9.7,9.7,0.0,4.7
956,Gabon,2005,Developing,37.0,2,7.72,353.2438029,28.0,0,3.8,3,44.0,2.76,45.0,10.9,6741.293948,143126.0,7.2,7.1,0.64,12.4
342,Botswana,2009,Developing,393.0,2,5.01,426.7855662,94.0,184,34.7,3,96.0,6.39,96.0,9.0,5185.729845,1979882.0,8.4,8.2,0.661,12.2
858,Eritrea,2007,Developing,329.0,6,1.23,11.42385961,91.0,55,14.7,9,91.0,3.29,91.0,1.3,317.3294336,4153332.0,9.2,9.2,0.405,5.3
1300,Jamaica,2013,Developing,136.0,1,3.79,5.457289334,93.0,0,52.7,1,86.0,5.91,93.0,0.6,56.144952,285187.0,1.8,1.7,0.727,12.8
1967,Panama,2007,Developing,124.0,1,6.16,76.2508038,85.0,0,51.9,2,84.0,6.31,85.0,0.2,668.8667,345387.0,2.1,2.0,0.743,12.9
2908,Zambia,2013,Developing,328.0,29,2.41,20.62306285,79.0,35,22.3,42,74.0,4.99,79.0,4.8,185.793359,1515321.0,6.4,6.2,0.565,12.5
1863,Nicaragua,2013,Developing,157.0,2,3.58,366.4841804,98.0,0,52.4,3,99.0,8.43,98.0,0.1,1847.19849,5945747.0,1.8,1.7,0.63,11.5
2054,Poland,2000,Developed,153.0,3,8.4,412.4323974,99.0,77,53.1,4,98.0,5.5,98.0,0.1,4492.72764,38258629.0,2.5,2.8,0.777,14.6
570,China,2005,Developing,99.0,332,2.92,171.6596026,84.0,124219,24.1,392,87.0,4.66,87.0,0.1,1753.4178,13372.0,5.0,4.4,0.634,10.6
2690,Turkey,2006,Developing,126.0,28,1.29,103.523776,82.0,34,58.5,34,9.0,5.81,9.0,0.1,834.869161,6876345.0,5.0,4.8,0.687,11.9
637,Costa Rica,2003,Developing,1.0,1,4.04,1070.268999,86.0,1,48.3,1,88.0,8.45,88.0,0.1,4167.71417,4125971.0,2.2,2.1,0.715,12.1
2563,Tajikistan,2005,Developing,194.0,10,0.37,19.83672308,81.0,0,33.5,12,79.0,5.89,84.0,0.3,337.359236,6854176.0,3.8,3.9,0.572,10.6
470,Cambodia,2009,Developing,195.0,15,2.13,48.35423978,92.0,4779,15.9,17,95.0,6.36,94.0,0.6,738.2326684,14928.0,11.1,11.4,0.52,10.5
1759,Morocco,2004,Developing,142.0,23,0.56,100.3638322,95.0,6399,48.2,27,97.0,5.22,97.0,0.1,1948.812275,3179285.0,6.5,6.4,0.561,9.6
2286,Seychelles,2010,Developing,18.0,0,6.51,16.49232317,99.0,0,33.5,0,99.0,3.59,99.0,0.1,184.68447,8977.0,5.8,6.2,0.74,13.2
465,Cambodia,2014,Developing,179.0,11,0.01,12.17952064,88.0,0,18.9,12,87.0,5.68,88.0,0.2,198.687123,152779.0,1.9,11.0,0.553,10.9
136,Austria,2007,Developed,8.0,0,12.5,7453.8644,85.0,20,53.7,0,85.0,1.4,85.0,0.1,46586.6525,8295487.0,1.7,1.9,0.86,15.2
1996,Paraguay,2010,Developing,152.0,3,5.65,359.9760397,89.0,0,46.4,3,85.0,9.1,89.0,0.1,3225.591754,629877.0,2.1,2.0,0.664,12.4
887,Ethiopia,2010,Developing,261.0,162,1.34,67.73374413,62.0,4235,15.6,243,69.0,6.86,61.0,1.7,341.39992,877267.0,11.0,1.7,0.401,8.1
2229,Sao Tome and Principe,2003,Developing,225.0,0,6.54,86.42744056,43.0,0,22.2,0,94.0,11.12,94.0,1.6,649.342153,148372.0,7.4,7.4,0.504,9.7
912,Fiji,2001,Developing,221.0,0,1.93,20.7119129,98.0,17,51.2,0,92.0,3.28,91.0,0.1,238.891729,814218.0,4.3,4.0,0.683,13.2
